<CATALOG>
<iPhone>
	<VERSION>iOS 13</VERSION>
	<CREATOR>Lirim Islami</CREATOR>
	<VILLAGE>Kabash</VILLAGE>
	<YEAR>2010</YEAR>
	<JAILBREAK>NO!</JAILBREAK>
</iPhone>
<iPhone>
	<VERSION>iOS 12</VERSION>
	<CREATOR>Rinor Mehmeti</CREATOR>
	<VILLAGE>Firajë</VILLAGE>
	<YEAR>2012</YEAR>
	<JAILBREAK>NO!</JAILBREAK>
</iPhone>
<iPhone>
	<VERSION>iOS 11</VERSION>
	<CREATOR>Uran Lajçi</CREATOR>
	<VILLAGE>Pepaj</VILLAGE>
	<YEAR>2016</YEAR>
	<JAILBREAK>NO!</JAILBREAK>
</iPhone>
<iPhone>
	<VERSION>iOS 10</VERSION>
	<CREATOR>Halit Sokoli</CREATOR>
	<VILLAGE>Vërban</VILLAGE>
	<YEAR>2014</YEAR>
	<JAILBREAK>YES!</JAILBREAK>
</iPhone>
<iPhone>
	<VERSION>iOS 9</VERSION>
	<CREATOR>Valdrin Hoti</CREATOR>
	<VILLAGE>Prizren</VILLAGE>
	<YEAR>2015</YEAR>
	<JAILBREAK>YES!</JAILBREAK>
</iPhone>
<iPhone>
	<VERSION>iOS 8</VERSION>
	<CREATOR>Urim Syla</CREATOR>
	<VILLAGE>Viti</VILLAGE>
	<YEAR>2009</YEAR>
	<JAILBREAK>YES!</JAILBREAK>
</iPhone>
<iPhone>
	<VERSION>iOS 7</VERSION>
	<CREATOR>Albion Mehmeti</CREATOR>
	<VILLAGE>Prishtinë</VILLAGE>
	<YEAR>2006</YEAR>
	<JAILBREAK>YES!</JAILBREAK>
</iPhone>
<iPhone>
	<VERSION>iOS 6</VERSION>
	<CREATOR>Leon Rexhepi</CREATOR>
	<VILLAGE>Beguncë</VILLAGE>
	<YEAR>2004</YEAR>
	<JAILBREAK>YES!</JAILBREAK>
</iPhone>
</CATALOG>